Name,Address,Age,Gender,Number
Aarav,DL,26,Male,9123456780
Diya,UP,22,Female,9876543211
Rohan,KA,35,Male,8765432102
Sanya,MH,29,Female,9988776655
Kabir,BR,31,Male,8899007766
Ira,KL,27,Female,9001122334
Vivaan,GJ,41,Male,7776655433
Kiara,RJ,24,Female,8112233445
Aryan,TN,33,Male,8223344556
Anaya,MP,21,Female,9334455667
Ritik,WB,38,Male,9445566778
Tara,HP,25,Female,9556677889
Raghav,JK,34,Male,9667788990
Myra,OR,23,Female,9778899001
Advait,PB,28,Male,9889900112
Aanya,CG,32,Female,9991001223
Shaan,HR,26,Male,9112112334
Pari,JH,20,Female,9223223445
Krishna,TS,30,Male,9334334556
Alisha,DL,22,Female,9445445667
Arjun,UP,37,Male,9556556778
Neha,KA,29,Female,9667667889
Vikram,MH,42,Male,9778778990
Pooja,BR,27,Female,9889889001
Manish,KL,31,Male,9990990112
Meera,GJ,24,Female,9111001223
Ankit,RJ,33,Male,9222112334
Riya,TN,25,Female,9333223445
Shivam,MP,28,Male,9444334556
Simran,WB,21,Female,9555445667
Aditya,HP,36,Male,9666556778
Priya,JK,23,Female,9777667889
Aman,OR,35,Male,9888778990
Rohit,PB,30,Male,9999889001
Sakshi,CG,22,Female,9111990112
Anjali,HR,27,Female,9222001223
Rahul,JH,38,Male,9333112334
Shreya,TS,24,Female,9444223445
Karan,DL,29,Male,9555334556
Tanvi,UP,26,Female,9666445667
Arnav,KA,32,Male,9777556778
Ishita,MH,21,Female,9888667889
Varun,BR,33,Male,9999778990
Tanya,KL,24,Female,9110889001
Kunal,GJ,27,Male,9221990112
Anaya,RJ,22,Female,9332001223
Raghav,TN,36,Male,9443112334
Isha,MP,23,Female,9554223445
Aryan,WB,28,Male,9665334556
Diya,HP,25,Female,9776445667
Yash,JK,34,Male,9887556778
Aditi,OR,20,Female,9998667889
Pranav,PB,31,Male,9119778990
Anushka,CG,22,Female,9220889001
Esha,HR,28,Female,9331990112
Kabir,JH,27,Male,9442001223
Mira,TS,24,Female,9553112334
Neil,DL,29,Male,9664223445
Kiara,UP,21,Female,9775334556
Ritik,KA,25,Male,9886445667
Alisha,MH,26,Female,9997556778
Shaurya,BR,30,Male,9118667889
Tara,KL,23,Female,9229778990
Mehul,GJ,32,Male,9330889001
Nisha,RJ,20,Female,9441990112
Rudra,TN,34,Male,9552001223
Anika,MP,24,Female,9663112334
Aarav,WB,29,Male,9774223445
Sanya,HP,22,Female,9885334556
Pratik,JK,33,Male,9996445667
Ira,OR,27,Female,9117556778
Dhruv,PB,25,Male,9228667889
Kiara,CG,21,Female,9339778990
Veer,HR,31,Male,9440889001
Anvi,JH,20,Female,9551990112
Rishabh,TS,26,Male,9662001223
Aahana,DL,23,Female,9773112334
Reyansh,UP,28,Male,9884223445
Myra,KA,22,Female,9995334556
Samar,MH,35,Male,9116445667
Nivaan,BR,29,Male,9227556778
Aanya,KL,24,Female,9338667889
Shaan,GJ,27,Male,9449778990
Pari,RJ,21,Female,9550889001
Raghav,TN,33,Male,9661990112
Ishaan,MP,26,Male,9772001223
Diya,WB,23,Female,9883112334
Arya,HP,25,Female,9994223445
Krishna,JK,28,Male,9115334556
Ansh,OR,31,Male,9226445667
Tanish,PB,22,Male,9337556778
Aarohi,CG,20,Female,9448667889
Vivaan,HR,27,Male,9559778990
Kiara,JH,24,Female,9660889001
Rohan,TS,35,Male,9771990112
Saanvi,DL,22,Female,9882001223
Ayaan,UP,26,Male,9993112334
Meera,KA,28,Female,9114223445
Advait,MH,30,Male,9225334556
Anaya,BR,25,Female,9336445667
Ritik,KL,29,Male,9447556778
Tara,GJ,20,Female,9558667889
Aarav,RJ,33,Male,9669778990
Ira,TN,23,Female,9770889001
